<?xml version="1.0" encoding="UTF-8" ?>
<extension type="package" version="2.5.0">
	<name>JB Library - Zen Library Package</name>
	<packagename>jblibrary_zenlibrary</packagename>
	<author>Joomla Bamboo</author>
	<packager>Joomla Bamboo</packager>
	<creationDate>March 13, 2013</creationDate>
	<copyright>Copyright (c) 2013 Joomla Bamboo. All rights reserved.</copyright>
	<license>GNU General Public License version 2 or later; see LICENSE.txt</license>
	<authorEmail>design@joomlabamboo.com</authorEmail>
	<authorUrl>www.joomlabamboo.com</authorUrl>
	<version>2.1.4</version>
	<description>JB_LIBRARY_DESC</description>
	<files folder="extensions">
		<file id="zen" type="library">JB_zen_J2.5_J3.0_1.0.2.zip</file>
		<file id="jblibrary" type="plugin" group="system">JB_jblibrary_J2.5_J3.0_2.1.4.zip</file>
	</files>
</extension>
